{
    "AED": "United Arab Emirates dirham",
    "AFN": "Afghan afghani",
    "ALL": "Albanian lek",
    "ANG": "Netherlands Antillean guilder",
    "ARS": "Argentine peso",
    "AUD": "Australian dollar",
    "BBD": "Barbados dollar",
    "BDT": "Bangladeshi taka",
    "BGN": "Bulgarian lev",
    "BOB": "Boliviano",
    "BRL": "Brazilian real",
    "BSD": "Bahamian dollar",
    "BWP": "Botswana pula",
    "CAD": "Canadian dollar",
    "CHF": "Swiss franc",
    "CLP": "Chilean peso",
    "CNY": "Renminbi|Chinese yuan",
    "COP": "Colombian peso",
    "CRC": "Costa Rican colon",
    "CUC": "Cuban convertible peso",
    "CUP": "Cuban peso",
    "CZK": "Czech koruna",
    "DKK": "Danish krone",
    "DOP": "Dominican peso",
    "DZD": "Algerian dinar",
    "EGP": "Egyptian pound",
    "ETB": "Ethiopian birr",
    "EUR": "Euro",
    "FJD": "Fiji dollar",
    "GBP": "Pound sterling",
    "GEL": "Georgian lari",
    "GHS": "Ghanaian cedi",
    "GNF": "Guinean franc",
    "GTQ": "Guatemalan quetzal",
    "GYD": "Guyanese dollar",
    "HKD": "Hong Kong dollar",
    "HRK": "Croatian kuna",
    "HTG": "Haitian gourde",
    "HUF": "Hungarian forint",
    "IDR": "Indonesian rupiah",
    "ILS": "Israeli new shekel",
    "INR": "Indian rupee",
    "IQD": "Iraqi dinar",
    "IRR": "Iranian rial",
    "ISK": "Icelandic króna",
    "JMD": "Jamaican dollar",
    "JPY": "Japanese yen",
    "KES": "Kenyan shilling",
    "KHR": "Cambodian riel",
    "KRW": "South Korean won",
    "KZT": "Kazakhstani tenge",
    "LAK": "Lao kip",
    "LBP": "Lebanese pound",
    "LKR": "Sri Lankan rupee",
    "LYD": "Libyan dinar",
    "MAD": "Moroccan dirham",
    "MNT": "Mongolian tögrög",
    "MUR": "Mauritian rupee",
    "MVR": "Maldivian rufiyaa",
    "MWK": "Malawian kwacha",
    "MXN": "Mexican peso",
    "MYR": "Malaysian ringgit",
    "MZN": "Mozambican metical",
    "NAD": "Namibian dollar",
    "NGN": "Nigerian naira",
    "NIO": "Nicaraguan córdoba",
    "NOK": "Norwegian krone",
    "NZD": "New Zealand dollar",
    "PHP": "Philippine peso",
    "PKR": "Pakistani rupee",
    "PLN": "Polish złoty",
    "QAR": "Qatari riyal",
    "RON": "Romanian leu",
    "RSD": "Serbian dinar",
    "RUB": "Russian ruble",
    "RWF": "Rwandan franc",
    "SCR": "Seychelles rupee",
    "SDG": "Sudanese pound",
    "SEK": "Swedish krona",
    "SGD": "Singapore dollar",
    "THB": "Thai baht",
    "TRY": "Turkish lira",
    "UAH": "Ukrainian hryvnia",
    "UGX": "Ugandan shilling",
    "USD": "United States dollar",
    "UYI": "Uruguay Peso en Unidades Indexadas",
    "UYU": "Uruguayan peso",
    "UZS": "Uzbekistan som",
    "VEF": "Venezuelan bolívar",
    "VND": "Vietnamese đồng",
    "YER": "Yemeni rial",
    "ZAR": "South African rand",
    "ZMW": "Zambian kwacha"
}